{"cameraMode":{"drawMode":0,"name":"Shaded","section":"Shading Mode"},"sceneLighting":true,"audioPlay":false,"sceneViewState":{"showFog":true,"showMaterialUpdate":false,"showSkybox":true,"showFlares":true,"showImageEffects":true,"showParticleSystems":true,"showVisualEffectGraphs":true,"m_FxEnabled":true},"in2DMode":false,"pivot":{"x":23.077457427978517,"y":-49.116676330566409,"z":-33.52986145019531},"rotation":{"x":0.31296172738075259,"y":0.027681641280651094,"z":-0.007988080382347107,"w":0.949670672416687},"size":117.48706817626953,"orthographic":false}